Cygnus,Progress,Kounotori,Dragon,TianZhou,Verne ATV,181,|[91.55586907082521, 97.56083974358977]|
CL3#397,CL3#1132,CL3#1194,CL3#666,CL3#731,CL3#711,CL3#27,CL3#1005,CL3#669,CL3#910,CL3#633,CL3#379,CL3#1183,CL3#311,CL3#172,CL3#601
CL3#261,CL3#391,CL3#320,CL3#857,CL3#718,CL3#264,CL3#346,CL3#968,CL3#814,CL3#875,CL3#193,CL3#168,CL3#742,CL3#469
CL3#197,CL3#539,CL3#1114,CL3#864,CL3#477,CL3#1002,CL3#440,CL3#291,CL3#610,CL3#623,CL3#784,CL3#4,CL3#433,CL3#34,CL3#895,CL3#425,CL3#859,CL3#392,CL3#846,CL3#224,CL3#552,CL3#467,CL3#759,CL3#962,CL3#930,CL3#1136,CL3#6,CL3#886,CL3#271
CL3#1208,CL3#208,CL3#945,CL3#624,CL3#1064,CL3#399,CL3#1150,CL3#575,CL3#805,CL3#1238,CL3#998,CL3#248,CL3#36,CL3#687,CL3#637,CL3#787,CL3#169,CL3#13,CL3#533,CL3#1246,CL3#113,CL3#1,CL3#249,CL3#361,CL3#541,CL3#590
CL3#279,CL3#679,CL3#310,CL3#979,CL3#510,CL3#938,CL3#246,CL3#1023,CL3#762,CL3#501,CL3#353,CL3#144,CL3#732,CL3#982,CL3#1147,CL3#1106,CL3#75,CL3#1043,CL3#961,CL3#1011,CL3#544,CL3#1162,CL3#630,CL3#10,CL3#390,CL3#802,CL3#693,CL3#641,CL3#150,CL3#535,CL3#1168,CL3#804,CL3#61
CL3#117,CL3#109,CL3#521,CL3#1021,CL3#1160,CL3#275,CL3#195,CL3#1230,CL3#1055,CL3#480,CL3#879,CL3#1174,CL3#315,CL3#528,CL3#523,CL3#1169,CL3#1109,CL3#912,CL3#18,CL3#581,CL3#432,CL3#793,CL3#181,CL3#268,CL3#1163,CL3#848,CL3#418,CL3#240,CL3#756,CL3#758,CL3#657,CL3#132,CL3#259,CL3#956,CL3#448,CL3#357,CL3#395,CL3#1232,CL3#834,CL3#1187,CL3#405,CL3#522,CL3#577,CL3#856,CL3#1121,CL3#1122,CL3#1102,CL3#937,CL3#801,CL3#542,CL3#496,CL3#955,CL3#185,CL3#103,CL3#676,CL3#485,CL3#1223,CL3#638,CL3#1145,CL3#870,CL3#304,CL3#377,CL3#664
Cygnus,Progress,Kounotori,Dragon,TianZhou,Verne ATV,157,|[86.70949642625082, 97.91128418803419]|
CL3#212,CL3#822,CL3#1056,CL3#836,CL3#89,CL3#708,CL3#677,CL3#1083,CL3#792,CL3#460,CL3#527,CL3#626,CL3#1180,CL3#611
CL3#926,CL3#155,CL3#401,CL3#412,CL3#924,CL3#72,CL3#128,CL3#444,CL3#234,CL3#68,CL3#428,CL3#1099,CL3#1138
CL3#1076,CL3#585,CL3#1053,CL3#447,CL3#1066,CL3#255,CL3#1137,CL3#1065,CL3#835,CL3#236,CL3#852,CL3#1038,CL3#1144,CL3#700,CL3#300,CL3#334,CL3#517,CL3#1185,CL3#1220,CL3#957,CL3#1250,CL3#916,CL3#7,CL3#905,CL3#105,CL3#110
CL3#256,CL3#262,CL3#65,CL3#1089,CL3#747,CL3#303,CL3#651,CL3#900,CL3#716,CL3#706,CL3#531,CL3#1030,CL3#975,CL3#20,CL3#884,CL3#213,CL3#22,CL3#196,CL3#753,CL3#515,CL3#134,CL3#509,CL3#860,CL3#146
CL3#538,CL3#486,CL3#908,CL3#1091,CL3#159,CL3#163,CL3#1075,CL3#593,CL3#986,CL3#220,CL3#855,CL3#1178,CL3#1167,CL3#698,CL3#85,CL3#158,CL3#386,CL3#966,CL3#442,CL3#2,CL3#1000,CL3#867,CL3#613,CL3#1243,CL3#974,CL3#290,CL3#1215,CL3#58,CL3#798,CL3#277
CL3#967,CL3#389,CL3#771,CL3#21,CL3#922,CL3#849,CL3#628,CL3#131,CL3#904,CL3#19,CL3#1181,CL3#308,CL3#289,CL3#41,CL3#1101,CL3#187,CL3#749,CL3#37,CL3#789,CL3#681,CL3#204,CL3#140,CL3#1217,CL3#1247,CL3#817,CL3#663,CL3#766,CL3#365,CL3#339,CL3#121,CL3#363,CL3#667,CL3#160,CL3#568,CL3#375,CL3#1077,CL3#520,CL3#293,CL3#897,CL3#1196,CL3#1024,CL3#84,CL3#410,CL3#120,CL3#652,CL3#543,CL3#934,CL3#192,CL3#1026,CL3#620
Cygnus,Progress,Kounotori,Dragon,TianZhou,Verne ATV,145,|[86.60867208530586, 96.8007094017094]|
CL3#682,CL3#622,CL3#343,CL3#355,CL3#430,CL3#686,CL3#861,CL3#1245,CL3#324,CL3#1063,CL3#1141,CL3#301,CL3#1019
CL3#656,CL3#1095,CL3#394,CL3#1031,CL3#307,CL3#950,CL3#868,CL3#94,CL3#1045,CL3#746,CL3#764,CL3#507
CL3#707,CL3#920,CL3#356,CL3#450,CL3#1188,CL3#953,CL3#229,CL3#233,CL3#243,CL3#1103,CL3#44,CL3#1158,CL3#903,CL3#562,CL3#1094,CL3#1233,CL3#73,CL3#398,CL3#280,CL3#100,CL3#1033,CL3#1159,CL3#1226,CL3#56
CL3#206,CL3#491,CL3#737,CL3#1081,CL3#1191,CL3#1061,CL3#1149,CL3#173,CL3#1009,CL3#997,CL3#750,CL3#928,CL3#923,CL3#696,CL3#755,CL3#184,CL3#476,CL3#799,CL3#276,CL3#165,CL3#1017,CL3#942
CL3#1219,CL3#1207,CL3#983,CL3#454,CL3#813,CL3#83,CL3#1131,CL3#24,CL3#629,CL3#92,CL3#302,CL3#127,CL3#1128,CL3#1171,CL3#403,CL3#32,CL3#411,CL3#286,CL3#1027,CL3#772,CL3#1041,CL3#738,CL3#188,CL3#557,CL3#190,CL3#1242,CL3#777,CL3#579
CL3#235,CL3#939,CL3#115,CL3#547,CL3#288,CL3#1240,CL3#617,CL3#130,CL3#972,CL3#751,CL3#582,CL3#245,CL3#1050,CL3#506,CL3#660,CL3#1090,CL3#921,CL3#1154,CL3#186,CL3#313,CL3#684,CL3#179,CL3#566,CL3#907,CL3#129,CL3#951,CL3#1110,CL3#112,CL3#825,CL3#429,CL3#516,CL3#326,CL3#615,CL3#1042,CL3#1047,CL3#31,CL3#559,CL3#551,CL3#713,CL3#183,CL3#958,CL3#892,CL3#767,CL3#382,CL3#471,CL3#218
Cygnus,Progress,Kounotori,Dragon,TianZhou,Verne ATV,132,|[84.82647904483433, 95.5377799145299]|
CL3#883,CL3#685,CL3#650,CL3#40,CL3#344,CL3#943,CL3#821,CL3#322,CL3#297,CL3#250,CL3#312
CL3#458,CL3#423,CL3#725,CL3#145,CL3#337,CL3#1221,CL3#580,CL3#69,CL3#1107,CL3#55,CL3#1006
CL3#263,CL3#371,CL3#80,CL3#1086,CL3#763,CL3#51,CL3#914,CL3#1069,CL3#573,CL3#902,CL3#640,CL3#760,CL3#691,CL3#241,CL3#925,CL3#570,CL3#421,CL3#851,CL3#52,CL3#513,CL3#1198,CL3#446,CL3#1231
CL3#98,CL3#888,CL3#81,CL3#655,CL3#919,CL3#147,CL3#200,CL3#166,CL3#66,CL3#30,CL3#267,CL3#419,CL3#616,CL3#226,CL3#944,CL3#978,CL3#668,CL3#648,CL3#1046,CL3#970
CL3#504,CL3#149,CL3#125,CL3#457,CL3#727,CL3#1214,CL3#1113,CL3#1073,CL3#378,CL3#946,CL3#422,CL3#29,CL3#26,CL3#887,CL3#198,CL3#23,CL3#1022,CL3#778,CL3#62,CL3#427,CL3#439,CL3#525,CL3#1028,CL3#266,CL3#960,CL3#639
CL3#931,CL3#70,CL3#436,CL3#534,CL3#519,CL3#39,CL3#124,CL3#351,CL3#1151,CL3#893,CL3#381,CL3#558,CL3#1117,CL3#1112,CL3#182,CL3#258,CL3#1202,CL3#153,CL3#645,CL3#108,CL3#111,CL3#1248,CL3#490,CL3#726,CL3#1029,CL3#658,CL3#384,CL3#164,CL3#1244,CL3#1192,CL3#775,CL3#990,CL3#1052,CL3#426,CL3#680,CL3#396,CL3#1071,CL3#913,CL3#634,CL3#1097,CL3#298
Cygnus,Progress,Kounotori,Dragon,TianZhou,Verne ATV,122,|[84.38607682400446, 94.98836965811965]|
CL3#754,CL3#614,CL3#352,CL3#360,CL3#977,CL3#1239,CL3#553,CL3#1120,CL3#489,CL3#712
CL3#994,CL3#788,CL3#826,CL3#880,CL3#498,CL3#1060,CL3#413,CL3#689,CL3#1108,CL3#803,CL3#932
CL3#808,CL3#239,CL3#999,CL3#468,CL3#872,CL3#273,CL3#1010,CL3#495,CL3#221,CL3#133,CL3#335,CL3#82,CL3#1082,CL3#768,CL3#796,CL3#488,CL3#688,CL3#976,CL3#387,CL3#794,CL3#176
CL3#1241,CL3#285,CL3#314,CL3#43,CL3#152,CL3#1059,CL3#1218,CL3#265,CL3#1004,CL3#25,CL3#850,CL3#783,CL3#695,CL3#720,CL3#599,CL3#1212,CL3#632,CL3#571
CL3#278,CL3#1124,CL3#819,CL3#1130,CL3#782,CL3#101,CL3#238,CL3#472,CL3#17,CL3#769,CL3#987,CL3#487,CL3#597,CL3#770,CL3#1079,CL3#191,CL3#1166,CL3#274,CL3#594,CL3#171,CL3#96,CL3#177,CL3#874,CL3#790
CL3#1048,CL3#33,CL3#511,CL3#935,CL3#385,CL3#260,CL3#550,CL3#674,CL3#1179,CL3#1146,CL3#28,CL3#437,CL3#823,CL3#1087,CL3#1195,CL3#479,CL3#949,CL3#572,CL3#104,CL3#242,CL3#847,CL3#654,CL3#1205,CL3#1189,CL3#1100,CL3#724,CL3#451,CL3#449,CL3#253,CL3#619,CL3#1210,CL3#1018,CL3#858,CL3#963,CL3#1200,CL3#588,CL3#863,CL3#47
Cygnus,Progress,Kounotori,Dragon,TianZhou,Verne ATV,112,|[83.02542484683933, 94.16822222222224]|
CL3#671,CL3#473,CL3#406,CL3#1172,CL3#1088,CL3#148,CL3#602,CL3#862,CL3#1225
CL3#502,CL3#207,CL3#372,CL3#1057,CL3#16,CL3#714,CL3#217,CL3#843,CL3#1007,CL3#281
CL3#374,CL3#980,CL3#1203,CL3#744,CL3#494,CL3#567,CL3#1014,CL3#733,CL3#64,CL3#1235,CL3#1015,CL3#359,CL3#119,CL3#1080,CL3#618,CL3#1084,CL3#853,CL3#653,CL3#323,CL3#1058
CL3#14,CL3#532,CL3#404,CL3#729,CL3#627,CL3#773,CL3#257,CL3#839,CL3#178,CL3#1111,CL3#631,CL3#97,CL3#1092,CL3#608,CL3#350,CL3#984,CL3#816
CL3#985,CL3#230,CL3#889,CL3#915,CL3#79,CL3#76,CL3#1078,CL3#161,CL3#587,CL3#574,CL3#1199,CL3#881,CL3#35,CL3#873,CL3#761,CL3#244,CL3#341,CL3#1197,CL3#154,CL3#576,CL3#358,CL3#466
CL3#800,CL3#321,CL3#455,CL3#876,CL3#809,CL3#820,CL3#780,CL3#815,CL3#414,CL3#364,CL3#929,CL3#214,CL3#402,CL3#296,CL3#842,CL3#60,CL3#1104,CL3#431,CL3#765,CL3#1211,CL3#795,CL3#1177,CL3#508,CL3#316,CL3#969,CL3#1213,CL3#332,CL3#1115,CL3#287,CL3#1118,CL3#210,CL3#565,CL3#1067,CL3#675
