Cygnus,Progress,Kounotori,Dragon,TianZhou,Verne ATV,130,|[80.96306611435998, 86.72862179487178]|
CL3#1,CL3#268,CL3#1070,CL3#829,CL3#895,CL3#1108,CL3#991,CL3#641,CL3#821,CL3#469,CL3#1173,CL3#734
CL3#2,CL3#1100,CL3#711,CL3#902,CL3#627,CL3#302,CL3#1158,CL3#1184,CL3#647,CL3#923,CL3#228,CL3#845
CL3#687,CL3#916,CL3#963,CL3#1119,CL3#470,CL3#229,CL3#576,CL3#496,CL3#9,CL3#256,CL3#19,CL3#530,CL3#166,CL3#485,CL3#37,CL3#1246,CL3#253,CL3#36,CL3#160,CL3#90,CL3#1017,CL3#226,CL3#815,CL3#71,CL3#992
CL3#906,CL3#498,CL3#60,CL3#436,CL3#154,CL3#850,CL3#739,CL3#812,CL3#842,CL3#608,CL3#15,CL3#325,CL3#704,CL3#282,CL3#1081,CL3#1129,CL3#38
CL3#5,CL3#1032,CL3#614,CL3#1011,CL3#350,CL3#1030,CL3#102,CL3#178,CL3#1087,CL3#621,CL3#1132,CL3#391,CL3#693,CL3#877,CL3#505,CL3#804,CL3#172,CL3#1249,CL3#57,CL3#118,CL3#663,CL3#20,CL3#755,CL3#975,CL3#779
CL3#6,CL3#960,CL3#394,CL3#462,CL3#14,CL3#290,CL3#828,CL3#168,CL3#1233,CL3#62,CL3#430,CL3#493,CL3#557,CL3#198,CL3#1026,CL3#381,CL3#638,CL3#629,CL3#564,CL3#979,CL3#162,CL3#191,CL3#989,CL3#678,CL3#718,CL3#922,CL3#824,CL3#847,CL3#532,CL3#106,CL3#369,CL3#313,CL3#406,CL3#443,CL3#408,CL3#742,CL3#1052,CL3#481,CL3#745
Cygnus,Progress,Kounotori,Dragon,TianZhou,Verne ATV,132,|[82.03070279866333, 87.28792094017093]|
CL3#1,CL3#268,CL3#1070,CL3#829,CL3#895,CL3#1108,CL3#991,CL3#821,CL3#469,CL3#1173,CL3#734,CL3#520,CL3#49
CL3#2,CL3#1100,CL3#711,CL3#902,CL3#627,CL3#302,CL3#1158,CL3#1184,CL3#647,CL3#923,CL3#228,CL3#845
CL3#687,CL3#916,CL3#963,CL3#1119,CL3#470,CL3#229,CL3#576,CL3#496,CL3#9,CL3#256,CL3#19,CL3#530,CL3#485,CL3#37,CL3#1246,CL3#253,CL3#36,CL3#160,CL3#90,CL3#1017,CL3#226,CL3#815,CL3#71,CL3#992,CL3#353,CL3#1093
CL3#906,CL3#498,CL3#60,CL3#436,CL3#154,CL3#850,CL3#739,CL3#812,CL3#842,CL3#608,CL3#15,CL3#325,CL3#704,CL3#282,CL3#1081,CL3#1129,CL3#38
CL3#5,CL3#1032,CL3#614,CL3#1011,CL3#350,CL3#1030,CL3#102,CL3#178,CL3#1087,CL3#621,CL3#1132,CL3#391,CL3#693,CL3#877,CL3#505,CL3#804,CL3#172,CL3#1249,CL3#57,CL3#118,CL3#663,CL3#20,CL3#755,CL3#975,CL3#779
CL3#6,CL3#960,CL3#394,CL3#462,CL3#14,CL3#290,CL3#828,CL3#1233,CL3#62,CL3#430,CL3#493,CL3#198,CL3#1026,CL3#381,CL3#638,CL3#629,CL3#564,CL3#979,CL3#162,CL3#191,CL3#989,CL3#678,CL3#718,CL3#922,CL3#824,CL3#847,CL3#532,CL3#106,CL3#369,CL3#406,CL3#443,CL3#408,CL3#742,CL3#1052,CL3#481,CL3#745,CL3#141,CL3#488,CL3#793
Cygnus,Progress,Kounotori,Dragon,TianZhou,Verne ATV,133,|[82.52682493270213, 87.15849358974357]|
CL3#1,CL3#268,CL3#1070,CL3#829,CL3#895,CL3#1108,CL3#991,CL3#821,CL3#469,CL3#1173,CL3#734,CL3#520,CL3#561
CL3#2,CL3#1100,CL3#711,CL3#902,CL3#627,CL3#302,CL3#1158,CL3#1184,CL3#647,CL3#923,CL3#228,CL3#845
CL3#687,CL3#916,CL3#963,CL3#1119,CL3#470,CL3#229,CL3#576,CL3#496,CL3#9,CL3#256,CL3#19,CL3#530,CL3#485,CL3#37,CL3#1246,CL3#253,CL3#36,CL3#160,CL3#90,CL3#1017,CL3#226,CL3#815,CL3#71,CL3#992,CL3#353,CL3#1093
CL3#906,CL3#498,CL3#60,CL3#436,CL3#154,CL3#739,CL3#812,CL3#842,CL3#608,CL3#15,CL3#325,CL3#704,CL3#282,CL3#1081,CL3#1129,CL3#38,CL3#495
CL3#5,CL3#1032,CL3#614,CL3#1011,CL3#350,CL3#1030,CL3#102,CL3#178,CL3#1087,CL3#621,CL3#1132,CL3#391,CL3#693,CL3#877,CL3#505,CL3#172,CL3#1249,CL3#57,CL3#118,CL3#663,CL3#20,CL3#755,CL3#975,CL3#779,CL3#1055
CL3#6,CL3#960,CL3#394,CL3#462,CL3#14,CL3#290,CL3#828,CL3#1233,CL3#62,CL3#430,CL3#493,CL3#198,CL3#1026,CL3#638,CL3#629,CL3#564,CL3#979,CL3#162,CL3#191,CL3#989,CL3#718,CL3#922,CL3#824,CL3#847,CL3#532,CL3#106,CL3#369,CL3#406,CL3#443,CL3#408,CL3#742,CL3#1052,CL3#481,CL3#745,CL3#141,CL3#488,CL3#793,CL3#1190,CL3#867,CL3#728
Cygnus,Progress,Kounotori,Dragon,TianZhou,Verne ATV,135,|[83.83686507936507, 86.42938247863246]|
CL3#268,CL3#1070,CL3#829,CL3#895,CL3#1108,CL3#991,CL3#821,CL3#469,CL3#734,CL3#520,CL3#561,CL3#96,CL3#592
CL3#2,CL3#1100,CL3#711,CL3#902,CL3#627,CL3#302,CL3#1158,CL3#923,CL3#228,CL3#845,CL3#324,CL3#1163,CL3#67
CL3#687,CL3#916,CL3#963,CL3#1119,CL3#470,CL3#229,CL3#576,CL3#496,CL3#9,CL3#256,CL3#19,CL3#530,CL3#485,CL3#37,CL3#1246,CL3#253,CL3#36,CL3#160,CL3#90,CL3#1017,CL3#226,CL3#815,CL3#71,CL3#992,CL3#353,CL3#1093
CL3#906,CL3#498,CL3#60,CL3#436,CL3#154,CL3#739,CL3#812,CL3#842,CL3#608,CL3#15,CL3#325,CL3#704,CL3#282,CL3#1081,CL3#1129,CL3#38,CL3#495
CL3#5,CL3#1032,CL3#614,CL3#1011,CL3#350,CL3#1030,CL3#102,CL3#178,CL3#1087,CL3#621,CL3#1132,CL3#391,CL3#693,CL3#877,CL3#505,CL3#172,CL3#1249,CL3#57,CL3#118,CL3#663,CL3#20,CL3#755,CL3#975,CL3#779,CL3#1055
CL3#6,CL3#960,CL3#394,CL3#462,CL3#14,CL3#290,CL3#828,CL3#1233,CL3#62,CL3#430,CL3#493,CL3#1026,CL3#638,CL3#629,CL3#564,CL3#979,CL3#162,CL3#191,CL3#989,CL3#718,CL3#922,CL3#824,CL3#847,CL3#532,CL3#106,CL3#369,CL3#406,CL3#443,CL3#408,CL3#742,CL3#1052,CL3#481,CL3#745,CL3#141,CL3#488,CL3#793,CL3#1190,CL3#867,CL3#728,CL3#453,CL3#1034
Cygnus,Progress,Kounotori,Dragon,TianZhou,Verne ATV,138,|[83.55999007936506, 87.39682264957264]|
CL3#268,CL3#1070,CL3#829,CL3#895,CL3#1108,CL3#991,CL3#821,CL3#469,CL3#734,CL3#520,CL3#561,CL3#96,CL3#592
CL3#2,CL3#1100,CL3#711,CL3#902,CL3#627,CL3#302,CL3#1158,CL3#923,CL3#228,CL3#845,CL3#324,CL3#1163,CL3#67
CL3#687,CL3#916,CL3#963,CL3#1119,CL3#470,CL3#229,CL3#576,CL3#496,CL3#9,CL3#256,CL3#19,CL3#530,CL3#485,CL3#37,CL3#1246,CL3#253,CL3#36,CL3#160,CL3#90,CL3#1017,CL3#226,CL3#815,CL3#71,CL3#992,CL3#353,CL3#1093
CL3#906,CL3#498,CL3#60,CL3#436,CL3#154,CL3#739,CL3#812,CL3#842,CL3#608,CL3#325,CL3#704,CL3#282,CL3#1081,CL3#1129,CL3#38,CL3#495,CL3#900,CL3#452
CL3#5,CL3#1032,CL3#614,CL3#1011,CL3#350,CL3#1030,CL3#102,CL3#178,CL3#1087,CL3#621,CL3#1132,CL3#391,CL3#693,CL3#877,CL3#505,CL3#172,CL3#1249,CL3#118,CL3#663,CL3#20,CL3#755,CL3#975,CL3#779,CL3#1055,CL3#1130,CL3#424
CL3#6,CL3#960,CL3#462,CL3#14,CL3#290,CL3#828,CL3#1233,CL3#62,CL3#430,CL3#493,CL3#1026,CL3#638,CL3#629,CL3#564,CL3#979,CL3#162,CL3#191,CL3#989,CL3#718,CL3#922,CL3#824,CL3#532,CL3#106,CL3#369,CL3#406,CL3#443,CL3#408,CL3#742,CL3#1052,CL3#481,CL3#745,CL3#141,CL3#488,CL3#793,CL3#867,CL3#728,CL3#453,CL3#1034,CL3#215,CL3#533,CL3#1234,CL3#367
Cygnus,Progress,Kounotori,Dragon,TianZhou,Verne ATV,138,|[83.57478174603175, 86.89029700854701]|
CL3#268,CL3#1070,CL3#829,CL3#895,CL3#1108,CL3#991,CL3#821,CL3#469,CL3#734,CL3#520,CL3#561,CL3#96,CL3#592
CL3#2,CL3#1100,CL3#711,CL3#902,CL3#627,CL3#302,CL3#1158,CL3#923,CL3#228,CL3#845,CL3#324,CL3#1163,CL3#67
CL3#687,CL3#916,CL3#963,CL3#1119,CL3#470,CL3#229,CL3#576,CL3#496,CL3#9,CL3#256,CL3#19,CL3#530,CL3#485,CL3#37,CL3#253,CL3#36,CL3#160,CL3#90,CL3#1017,CL3#226,CL3#815,CL3#71,CL3#992,CL3#353,CL3#1093,CL3#1246
CL3#906,CL3#498,CL3#60,CL3#436,CL3#154,CL3#739,CL3#812,CL3#842,CL3#325,CL3#704,CL3#282,CL3#1081,CL3#1129,CL3#38,CL3#495,CL3#900,CL3#452,CL3#835
CL3#5,CL3#614,CL3#350,CL3#1030,CL3#102,CL3#178,CL3#1087,CL3#621,CL3#1132,CL3#391,CL3#693,CL3#877,CL3#505,CL3#172,CL3#1249,CL3#118,CL3#663,CL3#20,CL3#755,CL3#975,CL3#779,CL3#1055,CL3#1130,CL3#424,CL3#920,CL3#364
CL3#6,CL3#960,CL3#462,CL3#14,CL3#290,CL3#828,CL3#1233,CL3#62,CL3#430,CL3#493,CL3#1026,CL3#638,CL3#629,CL3#564,CL3#979,CL3#191,CL3#989,CL3#718,CL3#922,CL3#824,CL3#532,CL3#106,CL3#369,CL3#406,CL3#443,CL3#408,CL3#742,CL3#1052,CL3#481,CL3#745,CL3#141,CL3#488,CL3#793,CL3#867,CL3#728,CL3#453,CL3#1034,CL3#215,CL3#533,CL3#1234,CL3#367,CL3#380
Cygnus,Progress,Kounotori,Dragon,TianZhou,Verne ATV,138,|[83.56882936507937, 86.75311752136751]|
CL3#268,CL3#1070,CL3#829,CL3#895,CL3#1108,CL3#991,CL3#821,CL3#469,CL3#734,CL3#520,CL3#561,CL3#96,CL3#592
CL3#2,CL3#1100,CL3#711,CL3#902,CL3#627,CL3#302,CL3#1158,CL3#923,CL3#228,CL3#845,CL3#324,CL3#1163,CL3#67
CL3#687,CL3#916,CL3#963,CL3#1119,CL3#470,CL3#229,CL3#576,CL3#496,CL3#9,CL3#256,CL3#19,CL3#530,CL3#485,CL3#37,CL3#253,CL3#36,CL3#160,CL3#90,CL3#1017,CL3#226,CL3#815,CL3#71,CL3#992,CL3#353,CL3#1093,CL3#327
CL3#906,CL3#498,CL3#60,CL3#436,CL3#154,CL3#739,CL3#812,CL3#842,CL3#325,CL3#704,CL3#282,CL3#1081,CL3#1129,CL3#38,CL3#495,CL3#900,CL3#452,CL3#835
CL3#5,CL3#614,CL3#350,CL3#1030,CL3#102,CL3#178,CL3#1087,CL3#621,CL3#1132,CL3#391,CL3#693,CL3#877,CL3#505,CL3#172,CL3#1249,CL3#118,CL3#663,CL3#20,CL3#755,CL3#975,CL3#779,CL3#1055,CL3#1130,CL3#424,CL3#920,CL3#364
CL3#6,CL3#960,CL3#462,CL3#14,CL3#290,CL3#828,CL3#1233,CL3#62,CL3#430,CL3#493,CL3#1026,CL3#638,CL3#629,CL3#564,CL3#979,CL3#191,CL3#989,CL3#718,CL3#922,CL3#824,CL3#532,CL3#106,CL3#369,CL3#406,CL3#443,CL3#408,CL3#742,CL3#1052,CL3#481,CL3#745,CL3#141,CL3#488,CL3#793,CL3#867,CL3#728,CL3#453,CL3#1034,CL3#215,CL3#533,CL3#1234,CL3#367,CL3#380
Cygnus,Progress,Kounotori,Dragon,TianZhou,Verne ATV,140,|[83.87463920217208, 88.29896367521367]|
CL3#268,CL3#1070,CL3#829,CL3#895,CL3#1108,CL3#991,CL3#821,CL3#469,CL3#734,CL3#520,CL3#561,CL3#96,CL3#592
CL3#2,CL3#1100,CL3#711,CL3#902,CL3#302,CL3#1158,CL3#923,CL3#228,CL3#845,CL3#324,CL3#1163,CL3#67,CL3#571
CL3#687,CL3#916,CL3#963,CL3#1119,CL3#229,CL3#576,CL3#496,CL3#9,CL3#256,CL3#19,CL3#530,CL3#485,CL3#37,CL3#253,CL3#36,CL3#160,CL3#90,CL3#1017,CL3#226,CL3#815,CL3#71,CL3#992,CL3#353,CL3#1093,CL3#327,CL3#464,CL3#482
CL3#906,CL3#498,CL3#60,CL3#436,CL3#154,CL3#739,CL3#812,CL3#842,CL3#325,CL3#704,CL3#282,CL3#1081,CL3#1129,CL3#38,CL3#495,CL3#900,CL3#452,CL3#835
CL3#5,CL3#614,CL3#350,CL3#1030,CL3#178,CL3#1087,CL3#621,CL3#1132,CL3#391,CL3#693,CL3#877,CL3#172,CL3#1249,CL3#118,CL3#663,CL3#20,CL3#755,CL3#975,CL3#779,CL3#1055,CL3#1130,CL3#424,CL3#920,CL3#364,CL3#1242,CL3#100
CL3#6,CL3#462,CL3#14,CL3#290,CL3#828,CL3#1233,CL3#62,CL3#430,CL3#493,CL3#1026,CL3#638,CL3#629,CL3#564,CL3#979,CL3#191,CL3#989,CL3#718,CL3#922,CL3#824,CL3#532,CL3#106,CL3#369,CL3#406,CL3#443,CL3#408,CL3#742,CL3#1052,CL3#481,CL3#745,CL3#141,CL3#488,CL3#793,CL3#867,CL3#728,CL3#453,CL3#1034,CL3#215,CL3#533,CL3#1234,CL3#367,CL3#380,CL3#287,CL3#832
